Rank,Tier,Company,Sector,Fit,Deck?,Signal (2025-26),Yuno angle
1,1,Cursor (Anysphere),AI / Dev,10,YES,"~$2B ARR, raising ~$50B (Apr'26); Stripe-only + intl declines; hiring Billing eng",Single Stripe rail leaks emerging-mkt signups; add local acquirers + smart-retry routing
2,1,DoorDash,Marketplace,10,YES,"Consolidating DoorDash+Wolt+Deliveroo on one platform; $20B+ Dasher earnings, 40+ ctys (Feb'26)",One layer to unify three acquired marketplaces' payments + cross-border Dasher payouts
3,1,Duolingo,Edtech,10,YES,"400M+ users, MAU growth in India/Brazil/Vietnam/Mexico; growth-first 2026",Migrate Super off 30% IAP to web + UPI/Pix/OXXO to monetize emerging-mkt surge
4,1,Electronic Arts,Gaming,10,YES,FC Mobile Webstore live; ~$4.4B FY25 microtxn; ~$55B PE take-private,"Orchestrate one global integration w/ routing, LPMs, redundancy across multi-store web-billing"
5,1,HBO Max (WBD),Streaming,10,YES,"Global rollout complete (UK/IE, 14 APAC, 15 EU mkts); 150M subs target by end-2026",One API for LPMs across 20+ new countries + PSP failover for fast-scaling intl base
6,1,Hims & Hers,Healthtech,10,YES,$1.15B ZAVA + Eucalyptus/LiveWell M&A → UK/DE/FR/CA/AU (Feb'26); intl rev ~10x,"Stitch overnight multi-region subscription billing into one API w/ LPMs, routing, redundancy"
7,1,Klook,Travel,10,NEW,Filed F-1 for $400-500M NYSE IPO Nov'25; hiring Payments & Fraud PM for multi-PSP engine,"Pre-IPO mktplace paying 120+ currencies, standing up multi-PSP — unify routing/failover/fraud"
8,1,Lyft,Mobility,10,YES,"Closed FreeNow (~$197M, Jan'26) → 9 EU countries; runs Checkout.com + Stripe","Orchestrate the now-fragmented multi-PSP, multi-ctry stack + standardize driver payouts"
9,1,OpenAI,AI,10,NEW,"Instant Checkout/agentic commerce live; ChatGPT Go in 170+ countries, India #2 (Oct'25)","Global subs + agentic commerce needs LPM coverage, auth uplift, PSP redundancy across 170+ ctys"
10,1,Oura,Healthtech,10,YES,Confidential IPO filing May'26 after $900M at $11B; 5M+ paid; Japan/Germany,"IPO-prep makes involuntary-churn reduction, PSP redundancy, new-mkt LPMs directly material"
11,1,Scopely (Savvy),Gaming,10,NEW,Closed $3.5B Niantic (May'25); Monopoly Go $5B D2C + PGO on separate stacks ~10% fees,"Unify enlarged multi-store D2C portfolio, route to lift auth, cut processing + fraud orchestration"
12,1,Spotify,Streaming,10,YES,Apple approved US external payment links May'25; US price hike to $12.99 Feb'26,Orchestrate web-billing across PSPs to recapture 30% IAP + lift auth on price-hike churn cliff
13,1,Strava,Fitness,10,YES,"Launched Pix in Brazil (#2 mkt) Feb'26; confidential ~$3B IPO filing Jan'26, ~$500M ARR",They're wiring LPMs one-by-one; Yuno delivers every LPM via one API for IPO-era monetization
14,1,Vinted (US),Marketplace,10,NEW,'Major' US expansion Jan'26; UK-US cross-border pilot; building Vinted Pay,Greenfield US/cross-border build = the moment for orchestration: US acquirers + EU LPMs + payouts
15,1,Whatnot,Marketplace,10,NEW,$225M Series F at $11.5B (Oct'25) for intl expansion; GMV >$6B 2x YoY; EU sellers +600%,"Hyper-scaling live-shopping GMV across US/UK/EU = routing, redundancy, global LPMs + seller payouts"
16,1,Whoop,Healthtech,10,NEW,$575M Series G at $10.1B (Mar'26) to fund EU/GCC/LatAm/Asia; ~60% new sales intl,LPMs + auth-rate routing to protect $1.1B run-rate in card-light emerging markets
17,1,Anthropic,AI,9,YES,"Subs doubled early'26, ~$30B run-rate, Bengaluru office; Stripe single-PSP (Apr'26)",Stripe-only risk at $30B during intl hypergrowth = redundancy/failover + smart routing
18,1,Coinbase,Crypto,9,YES,Citi partnership incl. 'payments orchestration' (Oct'25); Nium USDC across 190+ ctys,"Global card-deposit/on-ramp + USDC settlement: smart card-auth routing, redundancy, on/off-ramp"
19,1,Discord,Gaming,9,YES,"Hiring Dir Global Payments + eng (Jun'26) after confidential S-1 (~$15B, Jan'26)","Migrate Nitro/Shop to smart-routed web checkout, cut store leakage, add emerging-mkt LPMs + redundancy"
20,1,ElevenLabs,AI,9,YES,"$500M Series D at $11B (Feb'26), 'eyes IPO'; $500M ARR, 14+ GTM cities; Stripe-only+IAP","Add redundancy + local acquiring (Pix, UPI) to lift intl auth pre-public-scrutiny"
21,1,Faire,Marketplace,9,NEW,$5.2B tender (Nov'25) IPO warm-up; expanding to 14 EU countries,"B2B two-sided flows pre-IPO: de-risk single-PSP, lift auth, standardize cross-border brand payouts"
22,1,Kraken,Crypto,9,NEW,$600M Reap acquisition (May'26); confidential IPO filing H2'26,"Pre-IPO card deposits + cross-border settlement: card-auth routing, failover, global acquiring+LPMs"
23,1,Navan,Travel,9,YES,IPO'd Nasdaq Oct'25 (~$960M); card volume $3.7B +35% YoY,Post-IPO margin scrutiny + booming card volume → auth lift + cross-border cost = defensible take-rate
24,1,Robinhood,Fintech,9,YES,Dec'25 Indonesia M&A → SE Asia; 2026 EU crypto via Bitstamp; $5.6B net deposits Feb'26,Onboard per-market LPMs + lift card-deposit auth w/ failover as it funds millions of new accounts
25,1,Skims,DTC,9,NEW,$225M at $5B (Nov'25) for intl; UK flagship + Dubai 2026; >$1B net sales,"$1B+ DTC opening multi-region storefronts: unified global checkout, LPMs, cross-border cost pre-IPO"
26,2,Playtika,Gaming,10,NEW,"Record D2C $291.8M Q1'26 +62.8% YoY, 39% of total, 40% target",~$1.2B/yr D2C across social-casino: routing + LPMs + failover protect highest-margin line
27,2,Allegiant / Sun Country,Travel,9,NEW,~$1.5B Sun Country acquisition (May'26); +18 intl destinations (MX/Central America/Caribbean),Fresh M&A = two stacks to consolidate going cross-border first time: unify acquirers + LatAm LPMs
28,2,Alo Yoga,DTC,9,NEW,4 new UK stores + Champs-Elysees Paris flagship 2026,"Premium DTC pushing into UK/France: localized checkout, EU LPMs, auth lift on cross-border"
29,2,Baseten,AI,9,NEW,"$1.5B round at ~$13B (Jun'26); ~$600M run-rate +1,900%; usage-based billing",Hypergrowth metered inference needs PSP failover + smart routing so declines never stall revenue
30,2,BetterHelp (Teladoc),Healthtech,9,NEW,Launched France (first non-English mkt) 2025; intl rev +12% but lost ~5% payers,LPMs for non-English expansion + dunning to stem paying-user losses
31,2,Bumble,Dating,9,YES,Q1'26 rev -14%; paying users -21% YoY to 3.2M,Smart routing + dunning recovers involuntary churn; IAP→web reclaims store cut
32,2,Chewy,DTC,9,YES,Announced first-ever international market launch (next few quarters),$11B+ pet e-com w/ heavy Autoship subs entering first foreign mkt: port recurring billing without re-integrating
33,2,CoreWeave,Cloud,9,NEW,"Public (Mar'25), $5.1B 2025 rev, $3.5B European expansion (UK HQ + Nordics/Spain DCs)",Newly public multi-region cloud: unify cross-border collections + acquirer redundancy at IPO scale
34,2,Corsair Gaming,Gaming,9,NEW,"Closed Fanatec (Sep'24); 5+ brand storefronts; FY25 ~$1.47B, EMEA ~40%",5+ brand storefronts EMEA-heavy = fragmented multi-PSP estate; consolidate to one API w/ routing+LPMs
35,2,Coursera,Edtech,9,YES,"Q1'26 consumer rev +10% 4th straight; record 7.6M new learners, 205M cumulative",Routing + LPMs to convert huge India/global registered base into paid Coursera Plus
36,2,Crunchyroll (Sony),Streaming,9,YES,21M subs +25% YoY; launching Taiwan & South Korea 2026; Thai localization,Single integration for APAC LPMs to monetize aggressive new-market localization
37,2,Felix Pago,Fintech,9,NEW,$75M Series B (Apr'25) for LatAm expansion; $1B+ processed 2024,WhatsApp card-funded US→LatAm remitter: smart routing lifts card-deposit auth + LPMs per market
38,2,Fireworks AI,AI,9,NEW,"$315M ARR (Feb'26) +416%, 10k+ companies, raising at $15B; usage billing",10k-customer global inference API: LPMs + auth-rate routing to monetize devs in every region
39,2,Flo Health,Healthtech,9,YES,"300M+ registered/6M paid, $275M rev; #1 women's health, overwhelmingly mobile/IAP",Heavy 30% IAP leakage → IAP-to-web migration + LPMs to monetize non-US pools
40,2,FTMO,Fintech,9,NEW,Re-entered US via OANDA (Dec'25); Nuvei case: +20% US card approvals,Already proved routing lifts US auth 20%; extend across multiple PSPs for failover + global payouts
41,2,Fubo,Streaming,9,NEW,Launched skinny 'Fubo Sports' Sep'25; DAZN partnership; Canada expansion,PSP redundancy + routing for new SKUs + cross-border (US/Canada) sports-streaming launches
42,2,Gamma,AI,9,YES,$100M+ ARR + $68M Series B at $2.1B (Nov'25); 70M users majority-intl; Stripe-only,100% Stripe dependency on majority-intl revenue = SPOF; add redundancy + local-acquirer routing
43,2,Grindr,Dating,9,NEW,FY26 roadmap: India + Brazil expansion + premium AI 'Edge' tier,UPI/Pix + PSP redundancy capture non-US users + protect new high-ARPU tier from auth drop-off
44,2,Guesty,Travel,9,NEW,"$130M Series F at $900M (KKR), 2025 IPO intent; 80+ ctys; scaling GuestyPay","Payments-company-in-a-PMS prepping IPO: routing, redundancy, LPMs, cross-border host payouts"
45,2,HeyGen,AI,9,YES,"Stripe case study: +21% auth; $100M ARR ~3x YoY, 140+ languages; Stripe-only+IAP",Already proved auth = revenue; multi-PSP routing + local acquiring across 140 mkts w/ failover
46,2,Hostaway,Travel,9,NEW,$365M raise at $1B (Dec'24) for EU; 90+ ctys; launched embedded financial services,"New payments product across 90+ ctys: one integration for local methods, failover, host payouts"
47,2,JetBlue,Travel,9,NEW,13 EU routes 2026 (Milan May'26) + 11-dest Ft Lauderdale LatAm buildout,Deep transatlantic + LatAm push: EU local methods + multi-currency w/ smart routing on high-ticket fares
48,2,Lime,Mobility,9,YES,Filed Nasdaq IPO May'26; 230 cities/29 ctys; going-concern doubt,29-ctry operator going public under cost pressure: routing improves the unit economics investors scrutinize
49,2,Mercor,AI,9,NEW,$350M Series C at $10B (Oct'25); paying 30k+ experts $2M+/day on Stripe Connect+Wise,"One-API payouts layer unifies Stripe Connect+Wise+local rails w/ failover, higher delivery, lower FX"
50,2,Midjourney,AI,9,YES,~$500M rev across 150+ ctys; Stripe's most globally distributed merchant,$500M across 150+ ctys on single PSP = concentration risk; failover + per-market routing
51,2,MoonPay,Crypto,9,NEW,Launched bank/fintech tokenized-asset platform (May'26); acquisition spree; IPO prep,Card-funded on-ramp at IPO scale across 160+ ctys: multi-acquirer auth routing + failover
52,2,Netflix,Streaming,9,YES,"US price hike Jan'26 (Std $19.99, Prem $26.99); ARPU/retention focus",Smart routing + dunning/retry to cut involuntary churn when price hikes spike declines
53,2,Paramount+,Streaming,9,NEW,Price increase for new subs Jan'26; pending WBD merger,Auth-rate optimization + unified billing to de-risk price hike + complex platform merger
54,2,Pomelo,Fintech,9,NEW,$35M Series A + $75M warehouse; Thunes for US→PH→MX/IN remittances,Entire product is credit-card-funded cross-border: auth rate IS the business; routing + failover core
55,2,Preply,Edtech,9,NEW,$150M Series D at $1.2B (Jan'26) for global growth in 180 ctys,Two-sided marketplace: one API for global pay-in LPMs + tutor payout orchestration
56,2,Remitly,Fintech,9,YES,2026 guidance ~$1.95B; expanding Saudi Arabia + Brazil; scaling Wallet & Card,Card-funded transfers into new high-risk corridors: auth optimization + redundancy = direct revenue lever
57,2,Roblox,Gaming,9,YES,+25% Robux on web to steer off IAP; hiring 'SWE Payments Foundation',"Accelerate IAP→web w/ one API across APAC/RoW LPMs, lift auth, failover, fraud orchestration"
58,2,Speak,Edtech,9,NEW,"$78M Series C at $1B (OpenAI-backed); 10M+ users 40+ ctys, expanding SEA/EU/LatAm",Migrate IAP + fragmented regional billing to one API w/ Korea/Japan/SEA/LatAm LPMs + routing
59,2,StockX,Marketplace,9,NEW,Sellers in 170+ ctys; launching StockX Live (Jun'26); only 67% rev US,Global two-sided marketplace: orchestrate auth + LPMs across 170 ctys + failover
60,2,StubHub,Marketplace,9,NEW,"Newly public (Sep'25); intl growth outpacing NA, esp. LatAm + APAC; 48 currencies",LatAm+APAC is Yuno's home turf: lift auth + local methods where growth concentrates
61,2,Substack,Creator,9,YES,$100M Series C at $1.1B (Jul'25); $600M+/yr creator payouts; single Stripe both sides,"Two-sided global payouts on one PSP: redundancy/failover, routing, LPMs + cross-border payouts"
62,2,Suno,AI,9,YES,$400M Series D at $5.4B (Jun'26); 2M+ subs; Stripe-only + USD-only rejecting intl cards,Freshly funded Stripe-only grower turning away intl cards; local methods + routing convert demand
63,2,Take-Two (Rockstar/2K),Gaming,9,YES,GTA 6 / GTA Online 2 launching Nov'26; Shark Cards pulled $5B,"Global GTA Online 2 launch w/ massive recurring microtxn needs auth optimization, LPMs, redundancy day one"
64,2,Together AI,AI,9,YES,"$1B annualized rev (Feb'26), raising ~$1B at $7.5B; self-serve 25+ cities",Dual usage-based lines to global startups: one orchestration layer for local acquiring + decline recovery
65,2,TravelPerk (US),Travel,9,NEW,$200M Series E at $2.7B; aggressive US expansion; acquired payments firm Yokoy,Rapid US+global build w/ fresh payments stack: orchestration prevents single-PSP lock-in + local methods
66,2,Tripledot Studios,Gaming,9,NEW,"Closed $800M acquisition of AppLovin games (Jun'25); 12 studios, 25M DAU",Freshly merged 12-studio portfolio runs fragmented PSPs; consolidate billing w/ one integration + LPMs
67,2,Valve / Steam,Gaming,9,NEW,PayPal acquirer terminated Steam in most regions (Jul'25); chargeback pressure,PSP redundancy w/ auto-failover so no single bank cuts off a region + routing + LPMs + chargeback orchestration
68,2,Vuori,DTC,9,NEW,E-com in 11 new ctys; first Asia stores (Seoul/Beijing); IPO chatter 2026,Rapid multi-ctry rollout + China/UK = fragmented-PSP + LPM problem one orchestrator solves
69,2,Webull,Fintech,9,NEW,EEA passport for 22 EU markets (Q1'26); net deposits $8.6B +91% YoY,One integration for card acquiring + LPMs to fund accounts across 22 new EEA markets
70,2,WeightWatchers,Healthtech,9,NEW,"Emerged from Ch.11 Jul'25, relaunched as GLP-1 telehealth subscription",Turnaround lives on retention: dunning + decline-recovery to stop involuntary churn
71,2,Gemini (crypto),Crypto,8,YES,"Card revenue +300% to $14.7M (~half of rev), May'26; post-IPO",As growth engine pivots to card-deposit under public scrutiny: lift card auth + acquirer redundancy
72,3,DigitalOcean,Cloud,9,YES,"Q1'26 rev $258M +22%, crossed $1B run-rate; AI ARR +221%",Public cloud on card-based self-serve for SMBs/devs worldwide: high decline volume = routing + recovery
73,3,Eneba,Gaming,9,NEW,Raised €10M (Nov'25); runs Checkout.com AND Nuvei simultaneously,Collapse Checkout.com+Nuvei into one API w/ smart routing + auto-failover
74,3,eToro US,Fintech,9,NEW,CEO weighing payments/banking expansion; NY crypto Apr'26 (48 states),"Consolidate cards, LPMs, fiat on/off-ramp into one layer w/ failover + higher deposit auth"
75,3,Figma,SaaS,9,YES,Worked w/ Stripe May'25 to overhaul billing for local currencies; newly public,Single-PSP (Stripe) dependency on global self-serve seats = cross-PSP redundancy + LPM expansion
76,3,Fourthwall,Creator,9,NEW,$23M-backed; all merchant collection + cross-border payouts on Stripe,Pure two-sided money movement on one PSP = redundancy/routing/global-LPM gap for scaling creators
77,3,FundedNext,Fintech,9,NEW,Q1'26 payouts $42.7M +293% YoY; launched FNmarkets brokerage,50/30/20 payout mix scaling 3x across 170+ ctys: card auth lift + multi-rail payout routing
78,3,G2A,Gaming,9,NEW,Deployed Forter for fraud + optimization globally for 30M users,Orchestrate multi-LPM/anti-fraud stack behind one API w/ failover on high-chargeback goods
79,3,GetYourGuide (US),Travel,9,YES,Partnered Checkout.com Jan'25; ~$194M raise for global+AI; NA expansion,Recent single-PSP commitment scaling geos: redundancy + LPMs + tour-operator payouts
80,3,GOAT,Marketplace,9,YES,~60M members; sellers 170+ ctys; 3% + tiered fees two-sided,"Global resale: orchestrated routing, LPMs, reliable intl seller payouts under one API"
81,3,Hopper (HTS),Travel,9,NEW,"~90% B2B, ~20 partners US/CA/JP/LatAm; Capital One carve-out (Mar'26)",Multi-ctry multi-partner fintech: one layer scales each new partner geo without re-integrating PSPs
82,3,Lovable,Dev,9,YES,0→$300M ARR <12mo; per-message credit billing,Global self-serve PLG w/ constant top-ups: routing + failover on high-frequency card auths
83,3,Moomoo (Futu),Fintech,9,NEW,Crypto to Texas (May'26); Canada funded accts +150% YoY; >50% accts outside HK,One integration for per-market LPMs + card acquiring + routing to fund accounts in each new ctry
84,3,Netlify,Dev,9,NEW,All new accounts → credit-based usage pricing (Sep'25),Fresh consumption-billing transition = new failed-payment surface; retry/recovery use case
85,3,Norwegian Cruise Line,Travel,9,NEW,FY25 rev $9.8B; 17 new ships through 2037 across 3 brands,High-ticket multi-currency global bookings: lift approvals + PSP redundancy/LPMs
86,3,Notion,SaaS,9,YES,'Monetization Foundations' eng team building intl currencies/self-serve; $42B tender,In-house billing team owns intl currency = direct buyer; lift auth on global seat renewals
87,3,Passes,Creator,9,NEW,$50M+ raise 2025; acquired Fanhouse migrating creators; nine-figure payouts,M&A creator migration + high-risk vertical = acute PSP redundancy/failover for payouts
88,3,Peloton,Fitness,9,NEW,"Turnaround: renewed intl subscriber expansion as early as 2026, AI churn reduction",Dunning + decline-recovery + new-mkt LPMs + IAP→web for app subs
89,3,Riot Games,Gaming,9,NEW,Hiring Mgr SWE Payments 'Checkouts' team; RP card/PayPal-only in-client,"In-house payments build + card-only checkout = gap for routing, LPMs, failover"
90,3,Skillz,Gaming,9,NEW,"FY25 $104.5M, Q1'26 +33%; 10-K flags app-store+processor reliance; 6 ctys",Routing + redundancy to lift auth on entry-fees + IAP→web to recover 30% tax named in 10-K
91,3,Snyk,Security,9,NEW,"Planning 2026 IPO; ~$2B mark, $435M cash","Developer-first security self-serve global; IPO prep = billing scrutiny, PCI reduction, redundancy"
92,3,Sweat,Fitness,9,NEW,"30M+ subscribers, 145 ctys, 8 languages; heavy iOS/Android IAP",IAP-to-web migration + LPMs for its non-US majority
93,3,Transak,Crypto,9,NEW,$16M from Tether/IDG; exclusive MetaMask on-ramp powering 100M+ users,Pure-play on-ramp in MetaMask: orchestrate card acquirers behind buy button for higher auth + redundancy
94,3,Vivid Seats,Marketplace,9,NEW,Launching Europe + Japan; acquired Vegas.com; cost-cutting to cash-generative 2026,"Cost pressure + new intl launches: routing-driven cost reduction, redundancy, local methods"
95,3,WorkOS,SaaS,9,NEW,$100M Series C at $2B (Mar'26); ARR climbing fast,"Usage-based dev-auth APIs, self-serve globally; scaling finance ops = ripe before lock-in"
96,3,AG1,DTC,8,YES,~$600M rev; launched at Target Apr'26 (omnichannel); single-subscription engine,Single-SKU global subscription lives on recurring auth + dunning = smart routing + failover
97,3,Airwallex (US),Fintech,8,NEW,$8B valuation; ~$1B to US ops 2026-29 + SF HQ; $1.3B ARR,Aggressive US push + card book: cross-PSP redundancy + acquiring-side auth across 12 new markets
98,3,Alaska/Hawaiian,Travel,8,NEW,Post-merger first transatlantic (Rome/London/Reykjavik) 2026,Domestic carrier going global across two merged stacks: unified cross-border acceptance + failover
99,3,Anker Innovations,DTC,8,NEW,"$3.65B TTM 2025, ~half US; multi-brand global DTC + marketplace","Multi-brand global electronics runs fragmented PSPs by brand/region; consolidate routing, LPMs, cost"
100,3,ARQ (DolarApp),Fintech,8,NEW,"$70M raise (Sequoia/FF) early'26; 2M+ users, $10B+ annualized; adding cards",Stablecoin cross-border super-app adding cards: orchestrate fiat on/off-ramp + lift auth across LatAm
101,3,Babbel,Edtech,8,YES,"Targeting ~$1.5B Frankfurt IPO; €352M rev, US #1 traffic",IPO margin scrutiny: consolidate fragmented PSPs into one API w/ redundancy
102,3,Bitwarden,Security,8,NEW,"$100M PSG/Battery round; 10M users 180+ ctys, capital for intl",Password-manager self-serve subs worldwide: cross-border acceptance + LPMs on global renewals
103,3,Breeze Airways,Travel,8,NEW,Launching first-ever intl routes early'26 (MX/Bahamas/CR/Jamaica/DR),First-time cross-border = greenfield: one integration to add LPMs + FX without per-ctry plumbing
104,3,Bungie (Sony),Gaming,8,NEW,Marathon launching w/ new microtxn model; Destiny 2 Eververse $300M+,"New live-service launch + global cosmetics store: orchestrate D2C, reduce store dependency"
105,3,Calm,Mental health,8,YES,Calm Health first intl (UK/CA) Jun'25; shed ~500K subs to 3.5M,One API for UK/CA w/ LPMs + routing/dunning to recover lost subs
106,3,Cash App (Block),Fintech,8,NEW,Rolling out Circle USDC to ~60M users across 4 chains (May'26),Orchestrate card-funded top-ups + stablecoin on/off-ramp across PSPs to lift auth + failover
107,3,Character.AI,AI,8,NEW,Exploring sale/raise >$1B amid cost pressure; LatAm/India skew; Stripe-only+IAP,Intl Stripe-only sub w/ explosive LatAm/India + acute cost pressure = textbook orchestration
108,3,Chegg,Edtech,8,YES,"Q2'25 sub rev -39%, subs -40% to 2.6M; pushing Busuu into LatAm",Churn crisis + fresh LatAm expansion: dunning orchestration + LPM story
109,3,Chime,Fintech,8,NEW,Q1'26 $38.7B purchase volume +12%; first GAAP profit; post-IPO,Scale instant transfers + card top-ups post-IPO: lift funding auth + PSP failover
110,3,Cloudflare,Cloud,8,YES,Expanded data-residency regions (BR/DE/IN/JP/SG/UK) Dec'25,Self-serve usage+subscription expanding geos: local acquiring/currency/LPM billing pain
111,3,Current,Fintech,8,NEW,$80M Series E at $1.5B (Jun'26); profitability mandate + payments expansion,"Lift auth on card-funded deposits/top-ups + failover, improving funded-account conversion"
112,3,DAZN,Streaming,8,YES,Multi-year US+Canada Fubo integration; DAZN1 linear launch,Global LPM coverage + failover for sports base spanning dozens of markets
113,3,Eight Sleep,Healthtech,8,YES,"$100M Series D (Aug'25) + $50M at $1.5B; ships 34+ ctys, China entry",Local acquiring/LPMs + redundancy to capture membership revenue outside US rails
114,3,Etsy,Marketplace,8,NEW,Expanded Etsy Payments to more markets amid 2025 tariff complexity,"Adding payment markets: layer orchestration for LPM breadth, auth lift, seller-payout reliability"
115,3,Expedia Group,Travel,8,YES,B2B gross bookings +24% Q4'25; extending Rapid API 2026; ~$3B tech spend,Surging B2B/white-label + supplier payouts across global partners: cross-border orchestration + failover
116,3,Fanatics Collect,Marketplace,8,YES,PSA partnership; live auctions + Sotheby's scaling 2025-26,New high-growth collectibles + live-auction w/ complex payouts: one API + redundancy as volume scales
117,3,Feeld,Dating,8,NEW,"2024 rev +26% to $65.2M; ~171 staff across 6 continents, intl plans",One API to lift global auth + LPMs + cut churn before scale magnifies leakage
118,3,Frontier Airlines,Travel,8,NEW,23 new US/Mexico routes + Caribbean/Central America spring'26,"ULCC Mexico/LatAm growth where LPMs (OXXO, installments) + cross-border declines are real leakage"
119,3,Grafana Labs,SaaS,8,NEW,$250M at ~$9B (Feb'26); multi-dimensional usage pricing,"Self-serve consumption-metered observability, global SRE base: auth-rate lift on usage charges"
120,3,Groq,AI,8,NEW,$750M at $6.9B; 13 DCs NA/EU/ME; 2M+ devs on usage-based GroqCloud,2M-dev inference API expanding EU+ME: region-specific acquiring + LPMs a US PSP can't deliver
121,3,Headspace,Mental health,8,NEW,Top behavioral-health IPO candidate 2026; Cigna rollout + cost cuts,IAP→web on $476M+ volume to escape 30% + dunning across 190 ctys
122,3,Hily,Dating,8,NEW,Surpassed Bumble to #3 US dating app; already runs direct web billing,"Scale off-store checkout globally w/ routing, dunning, redundancy, LatAm LPMs"
123,3,iFIT / NordicTrack,Fitness,8,YES,Restructured sub tiers Sep'25; millions of hardware-tethered subs US/EU,"Dunning, retries, PSP redundancy for high-ARPU connected fitness"
124,3,Insight Timer,Mental health,8,NEW,Official India launch (first emerging-mkt) Mar'26; 35M+ members; Apple 30% pain,IAP→web for MemberPlus + UPI/LPMs for India + dunning on failed renewals
125,3,Instacart,Marketplace,8,YES,Acquired Instaleap for global enterprise expansion; intl traction Q1'26,One API for intl enterprise expansion + shopper payouts beyond US-centric stack
126,3,Kajabi,Creator,8,YES,$10B cumulative creator payouts (Aug'25); +1.5% on intl cards,"Investing in own payments layer: lift intl-card auth, cut FX surcharge, add redundancy"
127,3,Krea AI,AI,8,NEW,$47M Series B (Apr'25) at ~$500M; 30M+ users across 191 ctys,"One API to monetize 191 ctys w/ LPMs + PSP redundancy, lifting auth + cutting decline churn"
128,3,Ladder,Fitness,8,NEW,$105M (GC/Point72) targeting 400K members + $100M ARR early'26,IAP→web + auth optimization as it chases the $100M ARR milestone
129,3,Lambda Labs,Cloud,8,NEW,IPO planned H2'26 (banks hired); $520M+ rev; $1.5B Series E (Nov'25),Pre-IPO GPU cloud: hardened billing + PSP redundancy to de-risk collection ahead of listing
130,3,LifeMD,Healthtech,8,NEW,Record 42k+ net-new subs Q1'26; weight-mgmt ~100k; Medicare Apr'26,Auth-rate lift + churn reduction protect new-subscriber LTV during growth push
131,3,Linktree,Creator,8,NEW,Launched 'Linktree Earn' + Shops; acquired Fingertip (Nov'25); 50M+ users,Pivoting to transactional commerce at 50M scale: launch payments/payouts globally w/ routing+LPMs
132,3,Mercari (US),Marketplace,8,YES,Flat 10% fee w/ processing absorbed (Jan'25),Processing in take rate: routing/cost reduction + cheaper payouts protect the 10% economics
133,3,Modal Labs,AI,8,NEW,$355M Series C at $4.65B (May'26); per-second usage billing,Pay-per-compute to global devs is decline-sensitive: routing + retries protect metered revenue
134,3,MongoDB,SaaS,8,YES,Atlas Flex usage-based tier GA Feb'25; per-hour usage globally,Global self-serve usage billing at scale: cross-border cost + decline recovery on metered charges
135,3,MyFitnessPal,Fitness,8,NEW,"Rev -5.7% to $310M; PE owner pivoting to growth, IPO/sale exit",Auth lift + churn recovery + IAP→web margin directly accretive to exit story
136,3,Patreon,Creator,8,YES,$179M rev 2025 +28%; $2B+/yr to creators; payouts USD-only,USD-only payouts = global-LPM gap; multi-PSP model solves + auth lift on recurring [warm contact]
137,3,Poe (Quora),AI,8,NEW,"18M MAU, ~$190M 2026; 5 paid tiers + creator-payout; single-Stripe+IAP","PSP redundancy behind Stripe, route subs off 30% IAP to web, orchestrate creator payouts"
138,3,Poshmark,Marketplace,8,YES,Naver-owned; cross-listing competitive pressure,"Mature US resale w/ millions of payouts + Naver global ambitions: auth lift, cost reduction, one rail"
139,3,Replit,Dev,8,YES,$525M annualized (Apr'26); $400M Series D at $9B; usage-based agent credits,Consumption agent credits to worldwide devs: routing recovers failed top-ups + local methods
140,3,Reverb,Marketplace,8,NEW,Launched Reverb Wallet (Sep'25); relaunched UK; ~$1B annual txns,"Re-architecting payments: orchestrate multi-ctry acquiring, LPMs, seller payouts behind wallet"
141,3,Ro,Healthtech,8,NEW,Retained Wegovy partnership (Jun'25); ~$370M GLP-1 rev,High-AOV care subs tie failed-payment recovery directly to revenue + adherence
142,3,Runway,AI,8,YES,"$315M at $5.3B (Feb'26); Stripe-only, admits intl checkout drop-off",Real local methods + multi-acquirer routing recover intl declines currency display can't fix
143,3,SiriusXM / Pandora,Streaming,8,NEW,Double-digit profit growth Q1'26 on price hikes; satellite subs to 32.9M,Dunning/retry + auth optimization to defend shrinking price-sensitive base
144,3,SoFi,Fintech,8,YES,Launched SoFiUSD stablecoin to ~15M (May'26); tokenized deposits Q3'26,Orchestrate high-auth card funding of crypto buys + cross-border on/off-ramp across acquirers
145,3,Solo Brands,DTC,8,NEW,Next phase of European expansion; profitability-first rebuild,Multi-brand DTC into EU under cost pressure: orchestration cost reduction + LPM coverage
146,3,Step,Fintech,8,NEW,Acquired by MrBeast's Beast Industries (Feb'26); 7M Gen Z accounts,Maximize card-funded top-up auth w/ redundancy + orchestrate fiat-to-crypto on-ramp at scale
147,3,Twilio,SaaS,8,YES,Consolidated SendGrid/Segment (Feb'26); hiring Principal SWE Billing,High-volume usage billing + active billing-eng hiring + global base = orchestration + cost
148,3,Uphold,Crypto,8,NEW,Launched Visa crypto card (Mar'26); Rail acquisition; 140+ ctys,"Scale card-funded crypto purchases + global Visa card: auth routing, failover, on/off-ramp"
149,3,Vercel,Dev,8,YES,$300M Series F at $9.3B; moved to credit billing Sep'25; IPO signals,v0 on usage credits + IPO horizon: orchestrate global collections + acquirer failover
150,3,Via Transportation,Mobility,8,NEW,"IPO'd NYSE Sep'25 (~$493M); 30+ ctys, ~30% rev outside NA",Fresh IPO capital for intl expansion: localize acceptance + PSP failover as it scales
151,3,Viator (Tripadvisor),Travel,8,YES,"Experiences $4.7B GBV +13%, 70k suppliers; spin-off planned",Cross-border supplier-payout network + high volume: payout orchestration + auth routing on high-ticket
152,3,Webflow,SaaS,8,YES,Pricing overhaul + credit-based AI billing (May'26); $213M 2024 +66%,Large global self-serve base; subscription renewals + credit auths = churn recovery + cross-border
153,3,Wizards of the Coast,Gaming,8,NEW,WotC+Digital $2.2B +45% 2025; MTG Arena driving growth,Fast-growing digital storefront w/ intl demand: LPM breadth + routing; consolidate + lift auth
154,3,YETI,DTC,8,NEW,Intl sales +14% 2025 w/ new Japan entry + Europe/Australia growth,Accelerating intl mix: lift cross-border auth + add LPMs (esp. Japan) via orchestration
155,3,Stan (Stan.store),Creator,7,NEW,$35M ARR 2025 +24%; 80k+ creators; $100M+ GMV; first raise May'25,Profitable scaling checkout: auth optimization + intl LPM/payout reach beyond US Instagram creators
156,3,Udemy,Edtech,7,YES,"Consumer sub rev +44%, paid subs +102% YoY FY25; pivot to recurring",Live transactional→subscription pivot = moment to install billing orchestration
157,4,Captions / Mirage,AI,9,NEW,"$75M (Mar'26) to push into Asia + web suite; ~20M users, heavy IAP",Scaling into Asia + web checkout off 30% IAP: orchestrate local methods + routing
158,4,Secretlab,Gaming,9,NEW,Per-region storefronts each w/ different PSP/BNPL roster; India/SEA push,"Replace region-by-region PSP patchwork w/ one integration: unify checkout, lift auth, new-mkt LPMs"
159,4,WorldWinner,Gaming,9,NEW,Pays $2M+ weekly across 45 states; runs FanDuel Faceoff,One API for high-volume entry-fee w/ failover + chargeback orchestration + web checkout vs 30%
160,4,Zynga (Take-Two),Gaming,9,NEW,Take-Two emphasizing D2C over advertising for mobile,Massive global mobile portfolio shifting to D2C: orchestration to escape 30% + route globally
161,4,1stDibs,Marketplace,8,YES,Pushing intl dealer onboarding Europe/Asia; Q1'25 GMV +9%,"High-AOV luxury two-sided expanding cross-border: cut cost, lift high-ticket approval, dealer payouts"
162,4,Avis Budget,Travel,8,YES,"~10,250 locations ~180 ctys; expanding Avis First 2026",180-ctry high-ticket rental: small auth lifts on high-value bookings = recovered revenue
163,4,Boo,Dating,8,NEW,"Top-3 in SG/ID/MY, active India (largest 2025 download mkt)",UPI/regional wallets + shift recurring off 30% IAP + dunning
164,4,Carnival Corporation,Travel,8,YES,Celebration Key opened Jul'25; largest-ever fleet; record bookings,World's largest cruise w/ multi-brand global flows: reduce cross-border cost + auth/redundancy
165,4,Casago,Travel,8,NEW,Completed Vacasa acquisition (May'25); 40k+ properties US/MX/Belize/CR,Live cross-border portfolio mid-integration: consolidate two legacy stacks + multi-currency + owner payouts
166,4,ChargePoint,Mobility,8,YES,"150k+ ports NA+EU, 500k+ EU roaming; payments ~$690M segment",Cross-network roaming settles across ctys/currencies/billing: multi-currency multi-PSP orchestration
167,4,Clerk,SaaS,8,NEW,$50M round (Jun'25); usage-based billing top roadmap priority,PLG auth/identity API building metered billing now: orchestration partner at the right moment
168,4,Dashlane,Security,8,NEW,"Retired free plan Sep'25, forcing free users onto paid card tiers",Surge of new self-serve card subs globally: onboarding auth-rate + churn-recovery moment
169,4,DriveWealth,Fintech,8,NEW,Powers Uala US-stock launch in Mexico (Mar'26); Kalshi; EU license,One integration for LPMs + card acquiring per market so partners fund at high auth without rebuilding rails
170,4,Exodus,Crypto,8,NEW,Launched Exodus Pay (Apr'26); acquired Baanx+Monavate for issuing,US-public wallet turning into payments app w/ global expansion: card acquiring/on-ramp + payouts
171,4,Finch (Finch Care),Mental health,8,NEW,~$30M ARR almost all on IAP as Apple 30% cracked Jan'26,Launch web billing to escape the tax + routing + dunning
172,4,GitHub Copilot,Dev,8,YES,All Copilot plans → usage-based AI-credit billing (Jun'26),Massive self-serve subscriber base shifting to metered token billing = new decline exposure
173,4,Hi-Rez Studios,Gaming,8,NEW,"SMITE 2 went F2P w/ microtxn (Jan'25), new economy","Just-launched F2P economy = ideal moment to standardize on one API for LPMs, routing, web store"
174,4,Instawork,Marketplace,8,NEW,$60M Series D; UK/EU expansion 2026-27; 4M+ hourly workers,Build worker payouts + collections on one orchestration layer ahead of Europe launch
175,4,Jam City,Gaming,8,YES,~$500M rev across global IP (Harry Potter/Frozen); no public orchestrator,"Global IP-licensed F2P: add intl LPMs, web-store migration, reduced PCI scope"
176,4,Moon Active,Gaming,8,NEW,"Coin Master live 136+ ctys, 100M+ downloads",Top-grossing global F2P: global-LPM + auth-routing + IAP-fee escape
177,4,Niantic (Scopely),Gaming,8,NEW,PGO web stores live but huge volume still via app stores,"Maximize D2C shift w/ optimized global checkout, fraud controls, LPMs"
178,4,Nium,Fintech,8,NEW,Circle/Coinbase stablecoin + dual-network card issuance; $50B+ volume,B2B cross-border payouts adding card-issuing: fits on collection/acceptance side + PSP redundancy
179,4,NZXT,Gaming,8,NEW,$3.45M class-action (Sep'26) over 'Flex' rent-a-PC subscription,Recurring Flex subs + sprawling card/BNPL stack + billing crisis: one orchestrated API w/ anti-fraud+dunning
180,4,Opus Clip,AI,8,NEW,$20M from SoftBank at $215M (Mar'25); 10M users; launched Agent Opus,Consolidate global creator+enterprise billing on one API w/ routing/failover + local methods
181,4,Overwolf,Gaming,8,NEW,CurseForge billing to Tebex (Aug'25); $300M+ creator payouts 4 rails,"Orchestrate auth, failover, unified LPMs, fraud across 4-rail stack (lead consolidation, not replacement)"
182,4,Papaya Gaming,Gaming,8,NEW,$420M verdict + $15M settlement; 17M+ downloads 5 continents,Fraud/dispute orchestration + multi-PSP failover for global real-money platform under scrutiny
183,4,Phantom,Crypto,8,NEW,$150M Series C at $3B; launched CASH stablecoin + crypto debit card,SF wallet adding card + on-ramp deposit surface: orchestrate card-funding auth + payouts
184,4,Plus500 (US),Fintech,8,NEW,Record deposits $1.8B Q1'26; US rev +45%; new licenses CA/UAE/JP,One integration to lift deposit auth + failover + onboard per-ctry LPMs across new markets
185,4,Pocket Gems,Gaming,8,NEW,"$90M Tencent investment (Mar'25), $155M total raised",Newly capitalized US studio primed for intl + web-store scaling: single-API foundation
186,4,Public.com,Fintech,8,NEW,"Acquired Alto CryptoIRA (~$65M, Nov'25)",Bolting crypto-IRA funding onto card-deposit base: orchestrate on/off-ramp + high-auth funding + failover
187,4,Revolut US,Fintech,8,NEW,Filed US bank charter (Mar'26); ex-Visa US CEO; $75B valuation,Scale US card-funded top-ups + new users: orchestrate multiple acquirers for auth + failover
188,4,Royal Caribbean,Travel,8,YES,7 Icon-class mega-ships through 2030; Celebrity River Cruises,Aggressive global capacity + new river/destination launches: optimize auth + LPMs
189,4,SciPlay / Light & Wonder,Gaming,8,NEW,D2C ~11% of rev growing; chip class-action payouts Mar'26,Social casino = high fraud exposure + growing web shop: anti-fraud orchestration + routing
190,4,SeatGeek,Marketplace,8,YES,On 2026 IPO-watch lists; confidentially filed ~3yrs ago,"IPO-prep window: PSP failover, lift auth, de-risk single-PSP before S-1"
191,4,Sentry,SaaS,8,NEW,Hybrid tiered + usage-based overage w/ reserved capacity (2026),PLG error-monitoring self-serve globally: renewal + overage auths = involuntary-churn fit
192,4,Sling Money,Crypto,8,NEW,Launched in US; 145+ ctys; FCA+MiCA (Dec'25); planning card payments,Stablecoin remitter entering card rails: orchestrate fiat card-in + off-ramp across corridors
193,4,Supabase,Dev,8,YES,Crossed 1M databases; serverless-Postgres consolidation,"Open-source backend, self-serve usage Cloud, global devs: routing + failover"
194,4,Tastytrade,Fintech,8,NEW,Launched instant stablecoin funding (Jul'25); hired intl-expansion lead,Solving global funding friction but base on traditional rails: lift card-deposit auth + LPMs market-by-market
195,4,Viking Holdings,Travel,8,NEW,"FY25 rev $6.5B +22%, first public year; India river 2027-28",Newly public premium line expanding to new geos (India): fresh cross-border LPM + auth needs
196,4,Activision Blizzard,Gaming,7,YES,Shut CoD Warzone Mobile (May'25); console/PC microtxn at scale,"Massive global microtxn across CoD/Diablo: redundancy, LPMs, post-ruling direct-billing path"
197,4,Airtable,SaaS,7,NEW,"$1.4B raised, $11.6B valuation, 500K+ orgs (Jan'26)",Global freemium→paid self-serve seats: auth-rate lift + dunning on high-volume renewals
198,4,Apex Trader Funding,Fintech,7,NEW,Full program rebuild w/ weekly payouts (Mar'26); 100+ ctys,Weekly cross-border payouts to 100+ ctys: payout orchestration + failover
199,4,Aristocrat / Product Madness,Gaming,7,NEW,"Top-grossing social casino; high IAP, no public D2C","Social-casino IAP + fraud w/ no orchestrator: routing, failover, future web-store migration"
200,4,AvantStay,Travel,7,NEW,"~2,300 luxury properties 140+ cities; $5B+ AUM",High-ticket luxury acutely auth-sensitive: smart routing + retry recover declined reservations + payouts
201,4,Avelo Airlines,Travel,7,NEW,Expanded to 4 intl destinations (Jamaica/MX/DR/Bahamas),Fast-scaling LCC w/ new Caribbean/MX: one orchestration layer vs building multi-PSP infra
202,4,Bloom Nutrition,DTC,7,NEW,"~$250M rev DTC supplement on Shopify Plus, rapid growth",Scaling subscription supplement: auth-rate lift + intl LPM readiness
203,4,Bloomberg Media,Streaming,7,NEW,Raised annual digital sub 33% ($299→$399) for 2025,Auth-rate + retry orchestration to protect renewals through steep price increase
204,4,Cameo,Marketplace,7,NEW,'Strongest year' 2025; TikTok partnership; subscriptions/gifting,Two-sided (fan pay-in + global talent payout) diversifying: consolidate routing + intl payouts
205,4,Centr,Fitness,7,NEW,2025 content expansion + HYROX partnership; PE-backed ~$200M,LPMs + IAP→web to defend margins as it scales globally
206,4,Cleo,Fintech,7,NEW,ARR ~$300M +118% YoY; relaunched UK 2026,Orchestrate card-funded top-ups + instant disbursements: raise auth + add redundancy across US+UK
207,4,Coffee Meets Bagel,Dating,7,NEW,~101 staff 6 continents; 4th highest-grossing dating in SE Asia,Cost-reduction routing + Asia/LatAm LPMs improve unit economics
208,4,Crusoe,AI,7,NEW,$1.37B Series E at $10B (Oct'25); cloud ARR +150% YoY,Scaling cloud ARR + enterprise contracts globalizing: unified cross-border billing + redundancy
209,4,Datadog,SaaS,7,YES,FY26 8-K flags shifting geographic earnings mix (intl growth),Per-host usage billing w/ self-serve entry; growing intl base: cross-border cost + routing
210,4,Dave,Fintech,7,NEW,Q1'26 ExtraCash +37% to $2.1B; 2025 rev +59.7% to $554M,ExtraCash disbursements + card-funded Checking growing: orchestrate payouts + lift top-up auth
211,4,Daybreak (EG7),Gaming,7,NEW,Q2'25 rev -7%; margin pressure across subscription MMOs,Margin pressure across legacy sub/microtxn MMOs: cost reduction + auth uplift + reduced PCI = P&L pitch
212,4,Daydream,AI,7,NEW,"Public-beta chat shopping agent + iPhone app (Nov'25); 8,000+ brands","Conversational checkout across 8k brands: smart routing, redundancy, global LPMs, anti-fraud"
213,4,Deel,Marketplace,7,NEW,$22B annual payroll 150+ ctys; USDC payroll + Coinbase withdrawals,Orchestrate inbound funding + FX across 150 ctys to cut PSP/FX cost (confirm card volume)
214,4,Descript,SaaS,7,YES,~$95-110M ARR; billing overhaul to credits/minutes (Sep'25),New usage billing + global creators: local methods + routing
215,4,Fiverr,Marketplace,7,NEW,"Global freelancer marketplace, 5%+ fees, two-sided [structural]",Reduce processing cost + lift cross-border buyer auth via multi-PSP routing
216,4,Function Health,Healthtech,7,NEW,"$298M Series B at $2.5B (Nov'25); ~200k members, $100M run-rate",Decline-recovery + routing to defend annual-membership renewal economics
217,4,Gearbox (Take-Two),Gaming,7,NEW,Borderlands 4 launched Sep'25 w/ paid DLC + live-service,Fresh AAA live-service w/ global PC spend: power direct cosmetics/DLC web store w/ cross-PSP routing
218,4,Grailed,Marketplace,7,NEW,Grailed Payments on Stripe+PayPal; intl 4.99% vs 3.49% w/ FX,"Cross-border fee/FX penalty + single Stripe: cut cost, add local acquiring/LPMs, failover"
219,4,Gumroad,Creator,7,NEW,Became MoR on every txn (Jan'25); bank transfer to 100+ ctys,"As MoR w/ global creators on thin stack: multi-PSP routing, redundancy, broader payout rails"
220,4,HubSpot,SaaS,7,YES,Eliminated free CRM plan (Jun'25); contact-tiered self-serve,PLG-rooted self-serve subs worldwide: auth-rate + dunning on tiered renewals
221,4,Jones Road Beauty,DTC,7,NEW,Most viral beauty 2025; 3x retail store count 2026,"High-growth DTC beauty scaling omnichannel: resilient checkout, subscription, path to intl LPMs"
222,4,Kasa Living,Travel,7,NEW,$70M Series C (Aug'25); absorbing Sonder properties + Mint House,Roll-up of distressed competitors = multiple inherited stacks to unify + failover + owner payouts
223,4,Liquid Death,DTC,7,NEW,New Big Geyser distribution (Oct'25); entering energy drinks 2026,Fast-scaling DTC+retail CPG entering new categories: consolidate checkout/subscription + prep intl
224,4,Mercury,Fintech,7,NEW,$200M Series D at $5.2B after OCC charter (Apr'26); building payments infra,"As it builds own rails post-charter: orchestrate card deposits, payouts, multi-acquirer redundancy"
225,4,Noom,Healthtech,7,NEW,Top wellness/weight-loss player in 19.7% CAGR market,Reduce involuntary churn on high-ticket recurring health subs; add LPMs for expansion
226,4,OfferUp,Marketplace,7,NEW,Layoffs Oct'25; expanding nationwide shipping (handles payment),"Cost-cutting + shift to shipped/paid txns: reduce cost, add routing/redundancy on managed payments"
227,4,OpenRouter,AI,7,NEW,"$50M ARR (Mar'26); $113M Series B at $1.3B; 1M+ devs, 5% margin",Marketplace on thin 5% of global inference spend lives/dies on auth + method coverage
228,4,Photoroom,SaaS,7,YES,"~$50M ARR target, 20M downloads, e-commerce focus",Single API for global subscription billing + IAP-to-web migration as ARR scales
229,4,Picsart,Streaming,7,YES,30+ languages mobile+web; large intl consumer base,Web checkout + global LPMs to escape IAP on heavily intl app base
230,4,Pika,AI,7,NEW,~$85M+ ARR; Stripe-only + iOS IAP,Migrate off 30% IAP to web in local currencies + PSP redundancy
231,4,Postman,SaaS,7,YES,Cut free plan to 1 user (Mar'26); API-call metered tiers,Self-serve global dev base pushed onto paid tiers = new card-auth volume
232,4,Princess Polly,DTC,7,NEW,Continued US store rollout; AU-origin heavy US ops,Cross-border fashion DTC w/ AU/US footprint: unified multi-region checkout + routing
233,4,Quizlet,Edtech,7,YES,"200-400% intl new-user growth amid AI pivot, ~$139M rev",Localized LPMs + auth routing to convert the intl surge into Quizlet Plus
234,4,Reformation,DTC,7,NEW,Fast-growing DTC fashion scaling [structural],Growing apparel DTC expanding intl: LPMs + cross-border auth optimization
235,4,Ritual,DTC,7,NEW,$100-150M rev supplement subscription on Shopify Plus,Subscription supplement: lift recurring auth + reduce churn-from-failed-payments via retry/routing
236,4,Strike,Crypto,7,NEW,NY BitLicense (Mar'26); $2.1B Tether BTC lending facility,Consumer card/bank deposits to fund BTC across ~65-100 ctys: high-auth card routing + on-ramp failover
237,4,Superhuman,SaaS,7,YES,"Grammarly rebranded to Superhuman (Oct'25), $13B mark",Consumer+team self-serve subs globally: renewal churn recovery + auth-rate
238,4,Synthesia,SaaS,7,NEW,~$146M ARR (Sep'25); self-serve subscription tiers,Global self-serve + renewals: involuntary churn + multi-region optimization
239,4,The Funded Trader,Fintech,7,NEW,cTrader US approval (May'25); rebuilding after payout collapse,Firm whose near-death was payout failure = textbook payout orchestration + redundancy buyer
240,4,ThredUp,Marketplace,7,NEW,Launched P2P 'Direct Listing' beta (Jun'26); stock +340% 2025,New P2P + RaaS = true two-sided payments operator: seller payouts + per-brand flows one integration
241,4,Tilting Point,Gaming,7,NEW,$235M raised; UA/publishing across many third-party titles,Publishing/UA platform across many studios: standardize orchestration + D2C billing across catalog
242,4,Tonal,Fitness,7,NEW,$130M at reduced ~$550-600M valuation; profitability mandate,Processing-cost reduction + retry/dunning as a direct margin lever
243,4,Topstep,Fintech,7,NEW,Payout overhaul (Jan'26) forcing more withdrawal cycles; $1B+ paid,More frequent global payouts to 200K+ traders: payout orchestration + redundancy
244,4,True Classic,DTC,7,NEW,"High-volume DTC menswear, intl ambitions [structural]",Volume DTC apparel: cut processing cost + add LPMs as it expands abroad
245,4,Turo,Mobility,7,YES,Acquired Kyte (Jul'25); US/UK/CA/AU/FR; cost-focused after layoffs,Marketplace payouts to ~170k hosts on single Stripe: redundancy/failover + routing leverage
246,4,United Airlines,Travel,7,YES,2026 expansion: Croatia/Italy/Scotland/Spain/Bangkok/Central America,Massive global footprint = fragmented-acquirer problem; routing/redundancy on high-value intl tickets
247,4,Upwork,Marketplace,7,YES,"796K active clients, $4B+ spend, 180+ ctys [structural]",Orchestrate global collections + freelancer payouts to close failed-payment gap + reduce PSP cost
248,4,Washington Post,Streaming,7,NEW,News-sub sector growing; bundling/tiering push,Dunning + LPMs to support intl digital-subscriber growth + bundle launches
249,4,Wayfair,Marketplace,7,YES,Named partner using PingPong for cross-border (Mar'25),Large home-goods marketplace w/ cross-border flows: routing/cost-reduction + LPM target
250,4,Wise (US),Fintech,7,NEW,Nasdaq primary listing (May'26); card spend $44B +37%,Increasingly card-led: card-acquiring auth optimization + redundancy (heavy in-house = longer sell)
251,4,Zepz,Fintech,7,NEW,€152M HSBC facilities but cut 20% staff; cost-discipline mode,"Cost pressure across 4,000+ corridors: cross-border cost reduction + PSP consolidation = efficiency pitch"
252,4,Tarte Cosmetics,DTC,6,NEW,Large DTC/retail beauty w/ global ambitions [structural],Global beauty: consolidate fragmented regional PSPs + broaden LPMs
